{"cameraMode":{"drawMode":0,"name":"Shaded","section":"Shading Mode"},"sceneLighting":true,"audioPlay":false,"sceneViewState":{"m_AlwaysRefresh":false,"showFog":true,"showSkybox":true,"showFlares":true,"showImageEffects":true,"showParticleSystems":true,"showVisualEffectGraphs":true,"m_FxEnabled":true},"in2DMode":false,"pivot":{"x":969.0747680664063,"y":498.3006591796875,"z":77.33700561523438},"rotation":{"x":-0.0011904343264177442,"y":0.001495193806476891,"z":0.0000015601463019265794,"w":1.0000064373016358},"size":519.6383056640625,"orthographic":false}